INSERT INTO series (id, title, author_id, subgenre_id) VALUES (1, "A Song of Ice and Fire", 1, 1);
INSERT INTO series (id, title, author_id, subgenre_id) VALUES (2, "Hitchhiker's Guide", 2, 2);

INSERT INTO subgenres (id, name) VALUES (1, "medieval"), (2, "space opera");

INSERT INTO authors (id, name) VALUES (1, "George R. R. Martin"), (2, "Douglas Adams");

INSERT INTO books (id, title, year, series_id) VALUES (1, "Game of Thrones", 1996, 1), (2, "A Clash of Kings", 1998, 1), (3, "A Storm of Swords", 2000, 1), (4, "Hitchhiker's Guide to the Galazy", 1979, 2), (5, "The Restaurant at the End of the Universe", 1980, 2), (6, "Life, The Universe, and Everything", 1982, 2);

INSERT INTO characters (id, name, motto, species, author_id, series_id) VALUES (1, "Lady", "Woof Woof", "direwolf", 1, 1), (2, "Tyrion Lannister", "A Lannister always pays his debts", "human", 1, 1), (3, "Daenerys Targaryen", "If I look back I am lost", "human", 1, 1), (4, "Eddard Stark", "Winter is coming", "human", 1, 1);

INSERT INTO characters (id, name, motto, species, author_id, series_id) VALUES (5, "Ford Prefect", "Was I played by Mos Def", "alienthing", 2, 2), (6, "Arthur Dent", "Hi I am Arthur", "human", 2, 2), (7, "Zaphod Beeblebrox", "I am a jerk", "Alien", 2, 2), (8, "Trillian", "Susan Sarandon is cool", "cylon", 2, 2);

INSERT INTO character_books (id, book_id, character_id) VALUES (1, 1, 1), (2, 1, 2), (3, 2, 2), (4, 3, 2), (5, 1, 3), (6, 2, 3), (7, 3, 3), (8, 1, 4);

INSERT INTO character_books (id, book_id, character_id) VALUES (9, 4, 5), (10, 4, 6), (11, 5, 6), (12, 6, 6), (13, 4, 7), (14, 5, 7), (15, 6, 7), (16, 4, 8);
